Workbook

Sheet Cómo se usa
A1: LOS CINCO DE SIEMPRE — cuaderno de cotejo del instructor
A2: SI-SGCSSMA · Sistema de gestión de calidad, seguridad, salud y medio ambiente
A4: ESTO NO SE REGISTRA. Es evaluación formativa: no entra al promedio ni sube al sistema. Sirve para que el estudiante sepa cómo va, y para que tú sepas a quién acompañar. Los seis eventos calificados —CV1, CV2, EP, EF, TC1 y TC2— siguen siendo los únicos que dan nota.
A6: LOS CINCO ÍTEMS — los mismos en las 24 sesiones, en los 35 cursos y en las tres carreras
A7: N° | B7: ÍTEM | D7: SE OBSERVA CUANDO…
A8: 1 | B8: COMPLETO | D8: ningún paso del encargo, ninguna fila ni casilla sin resolver
A9: 2 | B9: CON LOS DATOS DEL CASO | D9: cada afirmación se apoya en un dato; ninguna sale de suponer
A10: 3 | B10: CON EL TÉRMINO CORRECTO | D10: los términos de la sesión aparecen, y bien usados
A11: 4 | B11: CON EL PORQUÉ | D11: la norma, la causa o la consecuencia que lo sustenta
A12: 5 | B12: SUSTENTADO POR TODOS | D12: cada integrante expone, y responde sobre lo que no expuso
A14: LA ESCALA — cada ítem vale 4 puntos
A15: Se observan | B15: 5 | C15: 4 | D15: 3 | E15: 2 | F15: 1 | G15: 0
A16: Nota | B16: 20 | C16: 16 | D16: 12 | E16: 8 | F16: 4 | G16: 0
A18: Con cuatro de cinco, apruebas. Con tres, no. · Es la misma aritmética que la rúbrica del colaborativo (5 × 4 = 20), a propósito: el estudiante ensaya veinte veces las cinco conductas con las que se le calificará en la sustentación.
A20: CÓMO SE MARCA — tres minutos al cierre
A21: 1 · Se muestra la lámina «Los cinco de siempre» ANTES de trabajar. El estudiante sabe con qué se le va a mirar.
A22: 2 · Al terminar, el EQUIPO se marca a sí mismo. Escribe una x en las casillas que considera que cumplió.
A23: 3 · Después marcas TÚ. La nota y la brecha se calculan solas.
A24: 4 · Donde no coinciden está la conversación. Un equipo que se pone 20 y saca 12 tiene un problema distinto al que se pone 12 y saca 12.
A25: 5 · La hoja «Resumen» se llena sola: dice qué equipo cae y en cuál de los cinco ítems falla la clase entera.

Sheet Resumen
A1: RESUMEN — se llena solo. Dice a quién acompañar, y en qué.
A2: Nota simulada de cada equipo por sesión (la tuya, sobre 20). No se registra.
A4: EQUIPO | B4: INTEGRANTES | C4: S1 | D4: S2 | E4: S3 | F4: S4 | G4: S5 | H4: S6 | I4: S7 | J4: S8 | K4: S9 | L4: S10 | M4: S13 | N4: S14 | O4: S15 | P4: S16 | Q4: S17 | R4: S18 | S4: S19 | T4: S20 | U4: S21 | V4: S22 | W4: PROMEDIO | X4: SESIONES BAJO 13
A5: Equipo 1 | B5: ='S1'!B9 | C5: ='S1'!N9 | D5: ='S2'!N9 | E5: ='S3'!N9 | F5: ='S4'!N9 | G5: ='S5'!N9 | H5: ='S6'!N9 | I5: ='S7'!N9 | J5: ='S8'!N9 | K5: ='S9'!N9 | L5: ='S10'!N9 | M5: ='S13'!N9 | N5: ='S14'!N9 | O5: ='S15'!N9 | P5: ='S16'!N9 | Q5: ='S17'!N9 | R5: ='S18'!N9 | S5: ='S19'!N9 | T5: ='S20'!N9 | U5: ='S21'!N9 | V5: ='S22'!N9 | W5: =IFERROR(AVERAGEIF(C5:V5,">0"),"") | X5: =COUNTIFS(C5:V5,">0",C5:V5,"<13")
A6: Equipo 2 | B6: ='S1'!B10 | C6: ='S1'!N10 | D6: ='S2'!N10 | E6: ='S3'!N10 | F6: ='S4'!N10 | G6: ='S5'!N10 | H6: ='S6'!N10 | I6: ='S7'!N10 | J6: ='S8'!N10 | K6: ='S9'!N10 | L6: ='S10'!N10 | M6: ='S13'!N10 | N6: ='S14'!N10 | O6: ='S15'!N10 | P6: ='S16'!N10 | Q6: ='S17'!N10 | R6: ='S18'!N10 | S6: ='S19'!N10 | T6: ='S20'!N10 | U6: ='S21'!N10 | V6: ='S22'!N10 | W6: =IFERROR(AVERAGEIF(C6:V6,">0"),"") | X6: =COUNTIFS(C6:V6,">0",C6:V6,"<13")
A7: Equipo 3 | B7: ='S1'!B11 | C7: ='S1'!N11 | D7: ='S2'!N11 | E7: ='S3'!N11 | F7: ='S4'!N11 | G7: ='S5'!N11 | H7: ='S6'!N11 | I7: ='S7'!N11 | J7: ='S8'!N11 | K7: ='S9'!N11 | L7: ='S10'!N11 | M7: ='S13'!N11 | N7: ='S14'!N11 | O7: ='S15'!N11 | P7: ='S16'!N11 | Q7: ='S17'!N11 | R7: ='S18'!N11 | S7: ='S19'!N11 | T7: ='S20'!N11 | U7: ='S21'!N11 | V7: ='S22'!N11 | W7: =IFERROR(AVERAGEIF(C7:V7,">0"),"") | X7: =COUNTIFS(C7:V7,">0",C7:V7,"<13")
A8: Equipo 4 | B8: ='S1'!B12 | C8: ='S1'!N12 | D8: ='S2'!N12 | E8: ='S3'!N12 | F8: ='S4'!N12 | G8: ='S5'!N12 | H8: ='S6'!N12 | I8: ='S7'!N12 | J8: ='S8'!N12 | K8: ='S9'!N12 | L8: ='S10'!N12 | M8: ='S13'!N12 | N8: ='S14'!N12 | O8: ='S15'!N12 | P8: ='S16'!N12 | Q8: ='S17'!N12 | R8: ='S18'!N12 | S8: ='S19'!N12 | T8: ='S20'!N12 | U8: ='S21'!N12 | V8: ='S22'!N12 | W8: =IFERROR(AVERAGEIF(C8:V8,">0"),"") | X8: =COUNTIFS(C8:V8,">0",C8:V8,"<13")
A9: Equipo 5 | B9: ='S1'!B13 | C9: ='S1'!N13 | D9: ='S2'!N13 | E9: ='S3'!N13 | F9: ='S4'!N13 | G9: ='S5'!N13 | H9: ='S6'!N13 | I9: ='S7'!N13 | J9: ='S8'!N13 | K9: ='S9'!N13 | L9: ='S10'!N13 | M9: ='S13'!N13 | N9: ='S14'!N13 | O9: ='S15'!N13 | P9: ='S16'!N13 | Q9: ='S17'!N13 | R9: ='S18'!N13 | S9: ='S19'!N13 | T9: ='S20'!N13 | U9: ='S21'!N13 | V9: ='S22'!N13 | W9: =IFERROR(AVERAGEIF(C9:V9,">0"),"") | X9: =COUNTIFS(C9:V9,">0",C9:V9,"<13")
A10: Equipo 6 | B10: ='S1'!B14 | C10: ='S1'!N14 | D10: ='S2'!N14 | E10: ='S3'!N14 | F10: ='S4'!N14 | G10: ='S5'!N14 | H10: ='S6'!N14 | I10: ='S7'!N14 | J10: ='S8'!N14 | K10: ='S9'!N14 | L10: ='S10'!N14 | M10: ='S13'!N14 | N10: ='S14'!N14 | O10: ='S15'!N14 | P10: ='S16'!N14 | Q10: ='S17'!N14 | R10: ='S18'!N14 | S10: ='S19'!N14 | T10: ='S20'!N14 | U10: ='S21'!N14 | V10: ='S22'!N14 | W10: =IFERROR(AVERAGEIF(C10:V10,">0"),"") | X10: =COUNTIFS(C10:V10,">0",C10:V10,"<13")
A11: Equipo 7 | B11: ='S1'!B15 | C11: ='S1'!N15 | D11: ='S2'!N15 | E11: ='S3'!N15 | F11: ='S4'!N15 | G11: ='S5'!N15 | H11: ='S6'!N15 | I11: ='S7'!N15 | J11: ='S8'!N15 | K11: ='S9'!N15 | L11: ='S10'!N15 | M11: ='S13'!N15 | N11: ='S14'!N15 | O11: ='S15'!N15 | P11: ='S16'!N15 | Q11: ='S17'!N15 | R11: ='S18'!N15 | S11: ='S19'!N15 | T11: ='S20'!N15 | U11: ='S21'!N15 | V11: ='S22'!N15 | W11: =IFERROR(AVERAGEIF(C11:V11,">0"),"") | X11: =COUNTIFS(C11:V11,">0",C11:V11,"<13")
A12: Equipo 8 | B12: ='S1'!B16 | C12: ='S1'!N16 | D12: ='S2'!N16 | E12: ='S3'!N16 | F12: ='S4'!N16 | G12: ='S5'!N16 | H12: ='S6'!N16 | I12: ='S7'!N16 | J12: ='S8'!N16 | K12: ='S9'!N16 | L12: ='S10'!N16 | M12: ='S13'!N16 | N12: ='S14'!N16 | O12: ='S15'!N16 | P12: ='S16'!N16 | Q12: ='S17'!N16 | R12: ='S18'!N16 | S12: ='S19'!N16 | T12: ='S20'!N16 | U12: ='S21'!N16 | V12: ='S22'!N16 | W12: =IFERROR(AVERAGEIF(C12:V12,">0"),"") | X12: =COUNTIFS(C12:V12,">0",C12:V12,"<13")
B14: Promedio de la clase | C14: =IFERROR(AVERAGEIF(C5:C12,">0"),"") | D14: =IFERROR(AVERAGEIF(D5:D12,">0"),"") | E14: =IFERROR(AVERAGEIF(E5:E12,">0"),"") | F14: =IFERROR(AVERAGEIF(F5:F12,">0"),"") | G14: =IFERROR(AVERAGEIF(G5:G12,">0"),"") | H14: =IFERROR(AVERAGEIF(H5:H12,">0"),"") | I14: =IFERROR(AVERAGEIF(I5:I12,">0"),"") | J14: =IFERROR(AVERAGEIF(J5:J12,">0"),"") | ... V14: =IFERROR(AVERAGEIF(V5:V12,">0"),"")
A16: EN QUÉ ÍTEM FALLA LA CLASE — cuántos equipos NO lo cumplieron, sesión por sesión
A17: ÍTEM | C17: S1 | D17: S2 | E17: S3 | F17: S4 | G17: S5 | H17: S6 | I17: S7 | J17: S8 | K17: S9 | L17: S10 | M17: S13 | N17: S14 | O17: S15 | P17: S16 | Q17: S17 | R17: S18 | S17: S19 | T17: S20 | U17: S21 | V17: S22 | W17: TOTAL
A18: 1 | B18: COMPLETO | C18: =COUNTA('S1'!B9:B16)-COUNTA('S1'!I9:I16) | D18: =COUNTA('S2'!B9:B16)-COUNTA('S2'!I9:I16) | E18: =COUNTA('S3'!B9:B16)-COUNTA('S3'!I9:I16) | F18: =COUNTA('S4'!B9:B16)-COUNTA('S4'!I9:I16) | G18: =COUNTA('S5'!B9:B16)-COUNTA('S5'!I9:I16) | H18: =COUNTA('S6'!B9:B16)-COUNTA('S6'!I9:I16) | I18: =COUNTA('S7'!B9:B16)-COUNTA('S7'!I9:I16) | J18: =COUNTA('S8'!B9:B16)-COUNTA('S8'!I9:I16) | K18: =COUNTA('S9'!B9:B16)-COUNTA('S9'!I9:I16) | L18: =COUNTA('S10'!B9:B16)-COUNTA('S10'!I9:I16) | M18: =COUNTA('S13'!B9:B16)-COUNTA('S13'!I9:I16) | N18: =COUNTA('S14'!B9:B16)-COUNTA('S14'!I9:I16) | O18: =COUNTA('S15'!B9:B16)-COUNTA('S15'!I9:I16) | P18: =COUNTA('S16'!B9:B16)-COUNTA('S16'!I9:I16) | Q18: =COUNTA('S17'!B9:B16)-COUNTA('S17'!I9:I16) | R18: =COUNTA('S18'!B9:B16)-COUNTA('S18'!I9:I16) | S18: =COUNTA('S19'!B9:B16)-COUNTA('S19'!I9:I16) | T18: =COUNTA('S20'!B9:B16)-COUNTA('S20'!I9:I16) | U18: =COUNTA('S21'!B9:B16)-COUNTA('S21'!I9:I16) | V18: =COUNTA('S22'!B9:B16)-COUNTA('S22'!I9:I16) | W18: =SUM(C18:V18)
A19: 2 | B19: CON LOS DATOS DEL CASO | C19: =COUNTA('S1'!B9:B16)-COUNTA('S1'!J9:J16) | D19: =COUNTA('S2'!B9:B16)-COUNTA('S2'!J9:J16) | E19: =COUNTA('S3'!B9:B16)-COUNTA('S3'!J9:J16) | F19: =COUNTA('S4'!B9:B16)-COUNTA('S4'!J9:J16) | G19: =COUNTA('S5'!B9:B16)-COUNTA('S5'!J9:J16) | H19: =COUNTA('S6'!B9:B16)-COUNTA('S6'!J9:J16) | I19: =COUNTA('S7'!B9:B16)-COUNTA('S7'!J9:J16) | J19: =COUNTA('S8'!B9:B16)-COUNTA('S8'!J9:J16) | K19: =COUNTA('S9'!B9:B16)-COUNTA('S9'!J9:J16) | L19: =COUNTA('S10'!B9:B16)-COUNTA('S10'!J9:J16) | M19: =COUNTA('S13'!B9:B16)-COUNTA('S13'!J9:J16) | N19: =COUNTA('S14'!B9:B16)-COUNTA('S14'!J9:J16) | O19: =COUNTA('S15'!B9:B16)-COUNTA('S15'!J9:J16) | P19: =COUNTA('S16'!B9:B16)-COUNTA('S16'!J9:J16) | Q19: =COUNTA('S17'!B9:B16)-COUNTA('S17'!J9:J16) | R19: =COUNTA('S18'!B9:B16)-COUNTA('S18'!J9:J16) | S19: =COUNTA('S19'!B9:B16)-COUNTA('S19'!J9:J16) | T19: =COUNTA('S20'!B9:B16)-COUNTA('S20'!J9:J16) | U19: =COUNTA('S21'!B9:B16)-COUNTA('S21'!J9:J16) | V19: =COUNTA('S22'!B9:B16)-COUNTA('S22'!J9:J16) | W19: =SUM(C19:V19)
A20: 3 | B20: CON EL TÉRMINO CORRECTO | C20: =COUNTA('S1'!B9:B16)-COUNTA('S1'!K9:K16) | D20: =COUNTA('S2'!B9:B16)-COUNTA('S2'!K9:K16) | E20: =COUNTA('S3'!B9:B16)-COUNTA('S3'!K9:K16) | F20: =COUNTA('S4'!B9:B16)-COUNTA('S4'!K9:K16) | G20: =COUNTA('S5'!B9:B16)-COUNTA('S5'!K9:K16) | H20: =COUNTA('S6'!B9:B16)-COUNTA('S6'!K9:K16) | I20: =COUNTA('S7'!B9:B16)-COUNTA('S7'!K9:K16) | J20: =COUNTA('S8'!B9:B16)-COUNTA('S8'!K9:K16) | K20: =COUNTA('S9'!B9:B16)-COUNTA('S9'!K9:K16) | L20: =COUNTA('S10'!B9:B16)-COUNTA('S10'!K9:K16) | M20: =COUNTA('S13'!B9:B16)-COUNTA('S13'!K9:K16) | N20: =COUNTA('S14'!B9:B16)-COUNTA('S14'!K9:K16) | O20: =COUNTA('S15'!B9:B16)-COUNTA('S15'!K9:K16) | P20: =COUNTA('S16'!B9:B16)-COUNTA('S16'!K9:K16) | Q20: =COUNTA('S17'!B9:B16)-COUNTA('S17'!K9:K16) | R20: =COUNTA('S18'!B9:B16)-COUNTA('S18'!K9:K16) | S20: =COUNTA('S19'!B9:B16)-COUNTA('S19'!K9:K16) | T20: =COUNTA('S20'!B9:B16)-COUNTA('S20'!K9:K16) | U20: =COUNTA('S21'!B9:B16)-COUNTA('S21'!K9:K16) | V20: =COUNTA('S22'!B9:B16)-COUNTA('S22'!K9:K16) | W20: =SUM(C20:V20)
A21: 4 | B21: CON EL PORQUÉ | C21: =COUNTA('S1'!B9:B16)-COUNTA('S1'!L9:L16) | D21: =COUNTA('S2'!B9:B16)-COUNTA('S2'!L9:L16) | E21: =COUNTA('S3'!B9:B16)-COUNTA('S3'!L9:L16) | F21: =COUNTA('S4'!B9:B16)-COUNTA('S4'!L9:L16) | G21: =COUNTA('S5'!B9:B16)-COUNTA('S5'!L9:L16) | H21: =COUNTA('S6'!B9:B16)-COUNTA('S6'!L9:L16) | I21: =COUNTA('S7'!B9:B16)-COUNTA('S7'!L9:L16) | J21: =COUNTA('S8'!B9:B16)-COUNTA('S8'!L9:L16) | K21: =COUNTA('S9'!B9:B16)-COUNTA('S9'!L9:L16) | L21: =COUNTA('S10'!B9:B16)-COUNTA('S10'!L9:L16) | M21: =COUNTA('S13'!B9:B16)-COUNTA('S13'!L9:L16) | N21: =COUNTA('S14'!B9:B16)-COUNTA('S14'!L9:L16) | O21: =COUNTA('S15'!B9:B16)-COUNTA('S15'!L9:L16) | P21: =COUNTA('S16'!B9:B16)-COUNTA('S16'!L9:L16) | Q21: =COUNTA('S17'!B9:B16)-COUNTA('S17'!L9:L16) | R21: =COUNTA('S18'!B9:B16)-COUNTA('S18'!L9:L16) | S21: =COUNTA('S19'!B9:B16)-COUNTA('S19'!L9:L16) | T21: =COUNTA('S20'!B9:B16)-COUNTA('S20'!L9:L16) | U21: =COUNTA('S21'!B9:B16)-COUNTA('S21'!L9:L16) | V21: =COUNTA('S22'!B9:B16)-COUNTA('S22'!L9:L16) | W21: =SUM(C21:V21)
A22: 5 | B22: SUSTENTADO POR TODOS | C22: =COUNTA('S1'!B9:B16)-COUNTA('S1'!M9:M16) | D22: =COUNTA('S2'!B9:B16)-COUNTA('S2'!M9:M16) | E22: =COUNTA('S3'!B9:B16)-COUNTA('S3'!M9:M16) | F22: =COUNTA('S4'!B9:B16)-COUNTA('S4'!M9:M16) | G22: =COUNTA('S5'!B9:B16)-COUNTA('S5'!M9:M16) | H22: =COUNTA('S6'!B9:B16)-COUNTA('S6'!M9:M16) | I22: =COUNTA('S7'!B9:B16)-COUNTA('S7'!M9:M16) | J22: =COUNTA('S8'!B9:B16)-COUNTA('S8'!M9:M16) | K22: =COUNTA('S9'!B9:B16)-COUNTA('S9'!M9:M16) | L22: =COUNTA('S10'!B9:B16)-COUNTA('S10'!M9:M16) | M22: =COUNTA('S13'!B9:B16)-COUNTA('S13'!M9:M16) | N22: =COUNTA('S14'!B9:B16)-COUNTA('S14'!M9:M16) | O22: =COUNTA('S15'!B9:B16)-COUNTA('S15'!M9:M16) | P22: =COUNTA('S16'!B9:B16)-COUNTA('S16'!M9:M16) | Q22: =COUNTA('S17'!B9:B16)-COUNTA('S17'!M9:M16) | R22: =COUNTA('S18'!B9:B16)-COUNTA('S18'!M9:M16) | S22: =COUNTA('S19'!B9:B16)-COUNTA('S19'!M9:M16) | T22: =COUNTA('S20'!B9:B16)-COUNTA('S20'!M9:M16) | U22: =COUNTA('S21'!B9:B16)-COUNTA('S21'!M9:M16) | V22: =COUNTA('S22'!B9:B16)-COUNTA('S22'!M9:M16) | W22: =SUM(C22:V22)
A24: El ítem con el TOTAL más alto es el que hay que volver a enseñar, no el que hay que castigar. Un equipo con dos o más sesiones bajo 13 necesita acompañamiento, no una nota.

Sheet S1
A1: SESIÓN 1 · Marco del SIG (SSOMAC) y qué es la ISO 9001
A2: Aprendizaje esperado: Describe qué es un sistema integrado de gestión, qué cubre cada letra de SSOMAC y dónde entra la ISO 9001
A3: Hoy, «completo» es: cada documento con su letra del SSOMAC · los que faltan y los vencidos, señalados · cada hueco con a quién deja desprotegido
A4: Marca con una x. Primero el equipo, después tú. La nota y la brecha se calculan solas. NO SE REGISTRA.
A6: EQUIPO | B6: INTEGRANTES | C6: SE MARCA EL EQUIPO | H6: AUTO | I6: MARCAS TÚ | N6: NOTA | O6: BRECHA
C7: 1 | D7: 2 | E7: 3 | F7: 4 | G7: 5 | H7: /20 | I7: 1 | J7: 2 | K7: 3 | L7: 4 | M7: 5 | N7: /20 | O7: auto − tú
A9: Equipo 1 | H9: =COUNTA(C9:G9)*4 | N9: =COUNTA(I9:M9)*4 | O9: =H9-N9
A10: Equipo 2 | H10: =COUNTA(C10:G10)*4 | N10: =COUNTA(I10:M10)*4 | O10: =H10-N10
A11: Equipo 3 | H11: =COUNTA(C11:G11)*4 | N11: =COUNTA(I11:M11)*4 | O11: =H11-N11
A12: Equipo 4 | H12: =COUNTA(C12:G12)*4 | N12: =COUNTA(I12:M12)*4 | O12: =H12-N12
A13: Equipo 5 | H13: =COUNTA(C13:G13)*4 | N13: =COUNTA(I13:M13)*4 | O13: =H13-N13
A14: Equipo 6 | H14: =COUNTA(C14:G14)*4 | N14: =COUNTA(I14:M14)*4 | O14: =H14-N14
A15: Equipo 7 | H15: =COUNTA(C15:G15)*4 | N15: =COUNTA(I15:M15)*4 | O15: =H15-N15
A16: Equipo 8 | H16: =COUNTA(C16:G16)*4 | N16: =COUNTA(I16:M16)*4 | O16: =H16-N16
B18: No lo cumplieron | I18: =COUNTA(B9:B16)-COUNTA(I9:I16) | J18: =COUNTA(B9:B16)-COUNTA(J9:J16) | K18: =COUNTA(B9:B16)-COUNTA(K9:K16) | L18: =COUNTA(B9:B16)-COUNTA(L9:L16) | M18: =COUNTA(B9:B16)-COUNTA(M9:M16) | N18: equipos

Sheet S2
A1: SESIÓN 2 · Ciclo PHVA, términos clave y contexto de la organización
A2: Aprendizaje esperado: Describe el ciclo PHVA y cómo una organización identifica su contexto y sus partes interesadas
A3: Hoy, «completo» es: cada hecho en su etapa del ciclo · la etapa donde se rompió, señalada · cada parte interesada con lo que esperaba y lo que le costó
A4: Marca con una x. Primero el equipo, después tú. La nota y la brecha se calculan solas. NO SE REGISTRA.
A6: EQUIPO | B6: INTEGRANTES | C6: SE MARCA EL EQUIPO | H6: AUTO | I6: MARCAS TÚ | N6: NOTA | O6: BRECHA
C7: 1 | D7: 2 | E7: 3 | F7: 4 | G7: 5 | H7: /20 | I7: 1 | J7: 2 | K7: 3 | L7: 4 | M7: 5 | N7: /20 | O7: auto − tú
A9: Equipo 1 | B9: ='S1'!B9 | H9: =COUNTA(C9:G9)*4 | N9: =COUNTA(I9:M9)*4 | O9: =H9-N9
A10: Equipo 2 | B10: ='S1'!B10 | H10: =COUNTA(C10:G10)*4 | N10: =COUNTA(I10:M10)*4 | O10: =H10-N10
A11: Equipo 3 | B11: ='S1'!B11 | H11: =COUNTA(C11:G11)*4 | N11: =COUNTA(I11:M11)*4 | O11: =H11-N11
A12: Equipo 4 | B12: ='S1'!B12 | H12: =COUNTA(C12:G12)*4 | N12: =COUNTA(I12:M12)*4 | O12: =H12-N12
A13: Equipo 5 | B13: ='S1'!B13 | H13: =COUNTA(C13:G13)*4 | N13: =COUNTA(I13:M13)*4 | O13: =H13-N13
A14: Equipo 6 | B14: ='S1'!B14 | H14: =COUNTA(C14:G14)*4 | N14: =COUNTA(I14:M14)*4 | O14: =H14-N14
A15: Equipo 7 | B15: ='S1'!B15 | H15: =COUNTA(C15:G15)*4 | N15: =COUNTA(I15:M15)*4 | O15: =H15-N15
A16: Equipo 8 | B16: ='S1'!B16 | H16: =COUNTA(C16:G16)*4 | N16: =COUNTA(I16:M16)*4 | O16: =H16-N16
B18: No lo cumplieron | I18: =COUNTA(B9:B16)-COUNTA(I9:I16) | J18: =COUNTA(B9:B16)-COUNTA(J9:J16) | K18: =COUNTA(B9:B16)-COUNTA(K9:K16) | L18: =COUNTA(B9:B16)-COUNTA(L9:L16) | M18: =COUNTA(B9:B16)-COUNTA(M9:M16) | N18: equipos

Sheet S3
A1: SESIÓN 3 · Liderazgo, política de calidad, roles y objetivos
A2: Aprendizaje esperado: Describe qué le exige la ISO 9001 a la alta dirección: la política de calidad, los objetivos que bajan de ella y los roles que asigna
A3: Hoy, «completo» es: — pendiente: son los pasos del encargo de esta sesión —
A4: Marca con una x. Primero el equipo, después tú. La nota y la brecha se calculan solas. NO SE REGISTRA.
A6: EQUIPO | B6: INTEGRANTES | C6: SE MARCA EL EQUIPO | H6: AUTO | I6: MARCAS TÚ | N6: NOTA | O6: BRECHA
C7: 1 | D7: 2 | E7: 3 | F7: 4 | G7: 5 | H7: /20 | I7: 1 | J7: 2 | K7: 3 | L7: 4 | M7: 5 | N7: /20 | O7: auto − tú
A9: Equipo 1 | B9: ='S1'!B9 | H9: =COUNTA(C9:G9)*4 | N9: =COUNTA(I9:M9)*4 | O9: =H9-N9
A10: Equipo 2 | B10: ='S1'!B10 | H10: =COUNTA(C10:G10)*4 | N10: =COUNTA(I10:M10)*4 | O10: =H10-N10
A11: Equipo 3 | B11: ='S1'!B11 | H11: =COUNTA(C11:G11)*4 | N11: =COUNTA(I11:M11)*4 | O11: =H11-N11
A12: Equipo 4 | B12: ='S1'!B12 | H12: =COUNTA(C12:G12)*4 | N12: =COUNTA(I12:M12)*4 | O12: =H12-N12
A13: Equipo 5 | B13: ='S1'!B13 | H13: =COUNTA(C13:G13)*4 | N13: =COUNTA(I13:M13)*4 | O13: =H13-N13
A14: Equipo 6 | B14: ='S1'!B14 | H14: =COUNTA(C14:G14)*4 | N14: =COUNTA(I14:M14)*4 | O14: =H14-N14
A15: Equipo 7 | B15: ='S1'!B15 | H15: =COUNTA(C15:G15)*4 | N15: =COUNTA(I15:M15)*4 | O15: =H15-N15
A16: Equipo 8 | B16: ='S1'!B16 | H16: =COUNTA(C16:G16)*4 | N16: =COUNTA(I16:M16)*4 | O16: =H16-N16
B18: No lo cumplieron | I18: =COUNTA(B9:B16)-COUNTA(I9:I16) | J18: =COUNTA(B9:B16)-COUNTA(J9:J16) | K18: =COUNTA(B9:B16)-COUNTA(K9:K16) | L18: =COUNTA(B9:B16)-COUNTA(L9:L16) | M18: =COUNTA(B9:B16)-COUNTA(M9:M16) | N18: equipos

Sheet S4
A1: SESIÓN 4 · Planificación, recursos y documentación del SGC
A2: Aprendizaje esperado: Describe qué información documentada exige la ISO 9001 y por qué su cumplimiento es voluntario, a diferencia del sistema que manda la ley
A3: Hoy, «completo» es: — pendiente: son los pasos del encargo de esta sesión —
A4: Marca con una x. Primero el equipo, después tú. La nota y la brecha se calculan solas. NO SE REGISTRA.
A6: EQUIPO | B6: INTEGRANTES | C6: SE MARCA EL EQUIPO | H6: AUTO | I6: MARCAS TÚ | N6: NOTA | O6: BRECHA
C7: 1 | D7: 2 | E7: 3 | F7: 4 | G7: 5 | H7: /20 | I7: 1 | J7: 2 | K7: 3 | L7: 4 | M7: 5 | N7: /20 | O7: auto − tú
A9: Equipo 1 | B9: ='S1'!B9 | H9: =COUNTA(C9:G9)*4 | N9: =COUNTA(I9:M9)*4 | O9: =H9-N9
A10: Equipo 2 | B10: ='S1'!B10 | H10: =COUNTA(C10:G10)*4 | N10: =COUNTA(I10:M10)*4 | O10: =H10-N10
A11: Equipo 3 | B11: ='S1'!B11 | H11: =COUNTA(C11:G11)*4 | N11: =COUNTA(I11:M11)*4 | O11: =H11-N11
A12: Equipo 4 | B12: ='S1'!B12 | H12: =COUNTA(C12:G12)*4 | N12: =COUNTA(I12:M12)*4 | O12: =H12-N12
A13: Equipo 5 | B13: ='S1'!B13 | H13: =COUNTA(C13:G13)*4 | N13: =COUNTA(I13:M13)*4 | O13: =H13-N13
A14: Equipo 6 | B14: ='S1'!B14 | H14: =COUNTA(C14:G14)*4 | N14: =COUNTA(I14:M14)*4 | O14: =H14-N14
A15: Equipo 7 | B15: ='S1'!B15 | H15: =COUNTA(C15:G15)*4 | N15: =COUNTA(I15:M15)*4 | O15: =H15-N15
A16: Equipo 8 | B16: ='S1'!B16 | H16: =COUNTA(C16:G16)*4 | N16: =COUNTA(I16:M16)*4 | O16: =H16-N16
B18: No lo cumplieron | I18: =COUNTA(B9:B16)-COUNTA(I9:I16) | J18: =COUNTA(B9:B16)-COUNTA(J9:J16) | K18: =COUNTA(B9:B16)-COUNTA(K9:K16) | L18: =COUNTA(B9:B16)-COUNTA(L9:L16) | M18: =COUNTA(B9:B16)-COUNTA(M9:M16) | N18: equipos

Sheet S5
A1: SESIÓN 5 · El SGSST peruano: Ley 29783, DS 005-2012-TR y DS 024-2016-EM
A2: Aprendizaje esperado: Describe por qué el SGSST es obligatorio en el Perú, qué norma lo manda y qué consecuencia trae incumplirla
A3: Hoy, «completo» es: — pendiente: son los pasos del encargo de esta sesión —
A4: Marca con una x. Primero el equipo, después tú. La nota y la brecha se calculan solas. NO SE REGISTRA.
A6: EQUIPO | B6: INTEGRANTES | C6: SE MARCA EL EQUIPO | H6: AUTO | I6: MARCAS TÚ | N6: NOTA | O6: BRECHA
C7: 1 | D7: 2 | E7: 3 | F7: 4 | G7: 5 | H7: /20 | I7: 1 | J7: 2 | K7: 3 | L7: 4 | M7: 5 | N7: /20 | O7: auto − tú
A9: Equipo 1 | B9: ='S1'!B9 | H9: =COUNTA(C9:G9)*4 | N9: =COUNTA(I9:M9)*4 | O9: =H9-N9
A10: Equipo 2 | B10: ='S1'!B10 | H10: =COUNTA(C10:G10)*4 | N10: =COUNTA(I10:M10)*4 | O10: =H10-N10
A11: Equipo 3 | B11: ='S1'!B11 | H11: =COUNTA(C11:G11)*4 | N11: =COUNTA(I11:M11)*4 | O11: =H11-N11
A12: Equipo 4 | B12: ='S1'!B12 | H12: =COUNTA(C12:G12)*4 | N12: =COUNTA(I12:M12)*4 | O12: =H12-N12
A13: Equipo 5 | B13: ='S1'!B13 | H13: =COUNTA(C13:G13)*4 | N13: =COUNTA(I13:M13)*4 | O13: =H13-N13
A14: Equipo 6 | B14: ='S1'!B14 | H14: =COUNTA(C14:G14)*4 | N14: =COUNTA(I14:M14)*4 | O14: =H14-N14
A15: Equipo 7 | B15: ='S1'!B15 | H15: =COUNTA(C15:G15)*4 | N15: =COUNTA(I15:M15)*4 | O15: =H15-N15
A16: Equipo 8 | B16: ='S1'!B16 | H16: =COUNTA(C16:G16)*4 | N16: =COUNTA(I16:M16)*4 | O16: =H16-N16
B18: No lo cumplieron | I18: =COUNTA(B9:B16)-COUNTA(I9:I16) | J18: =COUNTA(B9:B16)-COUNTA(J9:J16) | K18: =COUNTA(B9:B16)-COUNTA(K9:K16) | L18: =COUNTA(B9:B16)-COUNTA(L9:L16) | M18: =COUNTA(B9:B16)-COUNTA(M9:M16) | N18: equipos

Sheet S6
A1: SESIÓN 6 · Diagnóstico de línea base del SGSST · mapa del bloque
A2: Aprendizaje esperado: Describe qué es el diagnóstico de línea base, por qué la ley lo pone al inicio y qué evalúa cada uno de sus ocho lineamientos
A3: Hoy, «completo» es: — pendiente: son los pasos del encargo de esta sesión —
A4: Marca con una x. Primero el equipo, después tú. La nota y la brecha se calculan solas. NO SE REGISTRA.
A6: EQUIPO | B6: INTEGRANTES | C6: SE MARCA EL EQUIPO | H6: AUTO | I6: MARCAS TÚ | N6: NOTA | O6: BRECHA
C7: 1 | D7: 2 | E7: 3 | F7: 4 | G7: 5 | H7: /20 | I7: 1 | J7: 2 | K7: 3 | L7: 4 | M7: 5 | N7: /20 | O7: auto − tú
A9: Equipo 1 | B9: ='S1'!B9 | H9: =COUNTA(C9:G9)*4 | N9: =COUNTA(I9:M9)*4 | O9: =H9-N9
A10: Equipo 2 | B10: ='S1'!B10 | H10: =COUNTA(C10:G10)*4 | N10: =COUNTA(I10:M10)*4 | O10: =H10-N10
A11: Equipo 3 | B11: ='S1'!B11 | H11: =COUNTA(C11:G11)*4 | N11: =COUNTA(I11:M11)*4 | O11: =H11-N11
A12: Equipo 4 | B12: ='S1'!B12 | H12: =COUNTA(C12:G12)*4 | N12: =COUNTA(I12:M12)*4 | O12: =H12-N12
A13: Equipo 5 | B13: ='S1'!B13 | H13: =COUNTA(C13:G13)*4 | N13: =COUNTA(I13:M13)*4 | O13: =H13-N13
A14: Equipo 6 | B14: ='S1'!B14 | H14: =COUNTA(C14:G14)*4 | N14: =COUNTA(I14:M14)*4 | O14: =H14-N14
A15: Equipo 7 | B15: ='S1'!B15 | H15: =COUNTA(C15:G15)*4 | N15: =COUNTA(I15:M15)*4 | O15: =H15-N15
A16: Equipo 8 | B16: ='S1'!B16 | H16: =COUNTA(C16:G16)*4 | N16: =COUNTA(I16:M16)*4 | O16: =H16-N16
B18: No lo cumplieron | I18: =COUNTA(B9:B16)-COUNTA(I9:I16) | J18: =COUNTA(B9:B16)-COUNTA(J9:J16) | K18: =COUNTA(B9:B16)-COUNTA(K9:K16) | L18: =COUNTA(B9:B16)-COUNTA(L9:L16) | M18: =COUNTA(B9:B16)-COUNTA(M9:M16) | N18: equipos

Sheet S7
A1: SESIÓN 7 · Política de SST
A2: Aprendizaje esperado: Describe qué debe contener la política de SST, quién la aprueba y cómo se difunde
A3: Hoy, «completo» es: — pendiente: son los pasos del encargo de esta sesión —
A4: Marca con una x. Primero el equipo, después tú. La nota y la brecha se calculan solas. NO SE REGISTRA.
A6: EQUIPO | B6: INTEGRANTES | C6: SE MARCA EL EQUIPO | H6: AUTO | I6: MARCAS TÚ | N6: NOTA | O6: BRECHA
C7: 1 | D7: 2 | E7: 3 | F7: 4 | G7: 5 | H7: /20 | I7: 1 | J7: 2 | K7: 3 | L7: 4 | M7: 5 | N7: /20 | O7: auto − tú
A9: Equipo 1 | B9: ='S1'!B9 | H9: =COUNTA(C9:G9)*4 | N9: =COUNTA(I9:M9)*4 | O9: =H9-N9
A10: Equipo 2 | B10: ='S1'!B10 | H10: =COUNTA(C10:G10)*4 | N10: =COUNTA(I10:M10)*4 | O10: =H10-N10
A11: Equipo 3 | B11: ='S1'!B11 | H11: =COUNTA(C11:G11)*4 | N11: =COUNTA(I11:M11)*4 | O11: =H11-N11
A12: Equipo 4 | B12: ='S1'!B12 | H12: =COUNTA(C12:G12)*4 | N12: =COUNTA(I12:M12)*4 | O12: =H12-N12
A13: Equipo 5 | B13: ='S1'!B13 | H13: =COUNTA(C13:G13)*4 | N13: =COUNTA(I13:M13)*4 | O13: =H13-N13
A14: Equipo 6 | B14: ='S1'!B14 | H14: =COUNTA(C14:G14)*4 | N14: =COUNTA(I14:M14)*4 | O14: =H14-N14
A15: Equipo 7 | B15: ='S1'!B15 | H15: =COUNTA(C15:G15)*4 | N15: =COUNTA(I15:M15)*4 | O15: =H15-N15
A16: Equipo 8 | B16: ='S1'!B16 | H16: =COUNTA(C16:G16)*4 | N16: =COUNTA(I16:M16)*4 | O16: =H16-N16
B18: No lo cumplieron | I18: =COUNTA(B9:B16)-COUNTA(I9:I16) | J18: =COUNTA(B9:B16)-COUNTA(J9:J16) | K18: =COUNTA(B9:B16)-COUNTA(K9:K16) | L18: =COUNTA(B9:B16)-COUNTA(L9:L16) | M18: =COUNTA(B9:B16)-COUNTA(M9:M16) | N18: equipos

Sheet S8
A1: SESIÓN 8 · Organización del sistema: comité paritario / supervisor y RISST
A2: Aprendizaje esperado: Describe cómo se organiza el SGSST: cuándo corresponde comité y cuándo supervisor, qué funciones tiene y qué es el reglamento interno
A3: Hoy, «completo» es: — pendiente: son los pasos del encargo de esta sesión —
A4: Marca con una x. Primero el equipo, después tú. La nota y la brecha se calculan solas. NO SE REGISTRA.
A6: EQUIPO | B6: INTEGRANTES | C6: SE MARCA EL EQUIPO | H6: AUTO | I6: MARCAS TÚ | N6: NOTA | O6: BRECHA
C7: 1 | D7: 2 | E7: 3 | F7: 4 | G7: 5 | H7: /20 | I7: 1 | J7: 2 | K7: 3 | L7: 4 | M7: 5 | N7: /20 | O7: auto − tú
A9: Equipo 1 | B9: ='S1'!B9 | H9: =COUNTA(C9:G9)*4 | N9: =COUNTA(I9:M9)*4 | O9: =H9-N9
A10: Equipo 2 | B10: ='S1'!B10 | H10: =COUNTA(C10:G10)*4 | N10: =COUNTA(I10:M10)*4 | O10: =H10-N10
A11: Equipo 3 | B11: ='S1'!B11 | H11: =COUNTA(C11:G11)*4 | N11: =COUNTA(I11:M11)*4 | O11: =H11-N11
A12: Equipo 4 | B12: ='S1'!B12 | H12: =COUNTA(C12:G12)*4 | N12: =COUNTA(I12:M12)*4 | O12: =H12-N12
A13: Equipo 5 | B13: ='S1'!B13 | H13: =COUNTA(C13:G13)*4 | N13: =COUNTA(I13:M13)*4 | O13: =H13-N13
A14: Equipo 6 | B14: ='S1'!B14 | H14: =COUNTA(C14:G14)*4 | N14: =COUNTA(I14:M14)*4 | O14: =H14-N14
A15: Equipo 7 | B15: ='S1'!B15 | H15: =COUNTA(C15:G15)*4 | N15: =COUNTA(I15:M15)*4 | O15: =H15-N15
A16: Equipo 8 | B16: ='S1'!B16 | H16: =COUNTA(C16:G16)*4 | N16: =COUNTA(I16:M16)*4 | O16: =H16-N16
B18: No lo cumplieron | I18: =COUNTA(B9:B16)-COUNTA(I9:I16) | J18: =COUNTA(B9:B16)-COUNTA(J9:J16) | K18: =COUNTA(B9:B16)-COUNTA(K9:K16) | L18: =COUNTA(B9:B16)-COUNTA(L9:L16) | M18: =COUNTA(B9:B16)-COUNTA(M9:M16) | N18: equipos

Sheet S9
A1: SESIÓN 9 · Del IPERC al mapa de riesgos: qué exige el sistema
A2: Aprendizaje esperado: Describe qué exige la norma en identificación de peligros y evaluación de riesgos, y qué documento produce ese trabajo
A3: Hoy, «completo» es: — pendiente: son los pasos del encargo de esta sesión —
A4: Marca con una x. Primero el equipo, después tú. La nota y la brecha se calculan solas. NO SE REGISTRA.
A6: EQUIPO | B6: INTEGRANTES | C6: SE MARCA EL EQUIPO | H6: AUTO | I6: MARCAS TÚ | N6: NOTA | O6: BRECHA
C7: 1 | D7: 2 | E7: 3 | F7: 4 | G7: 5 | H7: /20 | I7: 1 | J7: 2 | K7: 3 | L7: 4 | M7: 5 | N7: /20 | O7: auto − tú
A9: Equipo 1 | B9: ='S1'!B9 | H9: =COUNTA(C9:G9)*4 | N9: =COUNTA(I9:M9)*4 | O9: =H9-N9
A10: Equipo 2 | B10: ='S1'!B10 | H10: =COUNTA(C10:G10)*4 | N10: =COUNTA(I10:M10)*4 | O10: =H10-N10
A11: Equipo 3 | B11: ='S1'!B11 | H11: =COUNTA(C11:G11)*4 | N11: =COUNTA(I11:M11)*4 | O11: =H11-N11
A12: Equipo 4 | B12: ='S1'!B12 | H12: =COUNTA(C12:G12)*4 | N12: =COUNTA(I12:M12)*4 | O12: =H12-N12
A13: Equipo 5 | B13: ='S1'!B13 | H13: =COUNTA(C13:G13)*4 | N13: =COUNTA(I13:M13)*4 | O13: =H13-N13
A14: Equipo 6 | B14: ='S1'!B14 | H14: =COUNTA(C14:G14)*4 | N14: =COUNTA(I14:M14)*4 | O14: =H14-N14
A15: Equipo 7 | B15: ='S1'!B15 | H15: =COUNTA(C15:G15)*4 | N15: =COUNTA(I15:M15)*4 | O15: =H15-N15
A16: Equipo 8 | B16: ='S1'!B16 | H16: =COUNTA(C16:G16)*4 | N16: =COUNTA(I16:M16)*4 | O16: =H16-N16
B18: No lo cumplieron | I18: =COUNTA(B9:B16)-COUNTA(I9:I16) | J18: =COUNTA(B9:B16)-COUNTA(J9:J16) | K18: =COUNTA(B9:B16)-COUNTA(K9:K16) | L18: =COUNTA(B9:B16)-COUNTA(L9:L16) | M18: =COUNTA(B9:B16)-COUNTA(M9:M16) | N18: equipos

Sheet S10
A1: SESIÓN 10 · Plan y programa anual de SST · pautas del TC1
A2: Aprendizaje esperado: Describe qué contiene un plan y un programa anual de SST, y cómo se formula un objetivo con su indicador, meta y plazo
A3: Hoy, «completo» es: — pendiente: son los pasos del encargo de esta sesión —
A4: Marca con una x. Primero el equipo, después tú. La nota y la brecha se calculan solas. NO SE REGISTRA.
A6: EQUIPO | B6: INTEGRANTES | C6: SE MARCA EL EQUIPO | H6: AUTO | I6: MARCAS TÚ | N6: NOTA | O6: BRECHA
C7: 1 | D7: 2 | E7: 3 | F7: 4 | G7: 5 | H7: /20 | I7: 1 | J7: 2 | K7: 3 | L7: 4 | M7: 5 | N7: /20 | O7: auto − tú
A9: Equipo 1 | B9: ='S1'!B9 | H9: =COUNTA(C9:G9)*4 | N9: =COUNTA(I9:M9)*4 | O9: =H9-N9
A10: Equipo 2 | B10: ='S1'!B10 | H10: =COUNTA(C10:G10)*4 | N10: =COUNTA(I10:M10)*4 | O10: =H10-N10
A11: Equipo 3 | B11: ='S1'!B11 | H11: =COUNTA(C11:G11)*4 | N11: =COUNTA(I11:M11)*4 | O11: =H11-N11
A12: Equipo 4 | B12: ='S1'!B12 | H12: =COUNTA(C12:G12)*4 | N12: =COUNTA(I12:M12)*4 | O12: =H12-N12
A13: Equipo 5 | B13: ='S1'!B13 | H13: =COUNTA(C13:G13)*4 | N13: =COUNTA(I13:M13)*4 | O13: =H13-N13
A14: Equipo 6 | B14: ='S1'!B14 | H14: =COUNTA(C14:G14)*4 | N14: =COUNTA(I14:M14)*4 | O14: =H14-N14
A15: Equipo 7 | B15: ='S1'!B15 | H15: =COUNTA(C15:G15)*4 | N15: =COUNTA(I15:M15)*4 | O15: =H15-N15
A16: Equipo 8 | B16: ='S1'!B16 | H16: =COUNTA(C16:G16)*4 | N16: =COUNTA(I16:M16)*4 | O16: =H16-N16
B18: No lo cumplieron | I18: =COUNTA(B9:B16)-COUNTA(I9:I16) | J18: =COUNTA(B9:B16)-COUNTA(J9:J16) | K18: =COUNTA(B9:B16)-COUNTA(K9:K16) | L18: =COUNTA(B9:B16)-COUNTA(L9:L16) | M18: =COUNTA(B9:B16)-COUNTA(M9:M16) | N18: equipos

Sheet S13
A1: SESIÓN 13 · Programa anual de capacitaciones, inducción y simulacros
A2: Aprendizaje esperado: Describe qué capacitaciones exige la ley, con qué frecuencia y en qué registro quedan
A3: Hoy, «completo» es: — pendiente: son los pasos del encargo de esta sesión —
A4: Marca con una x. Primero el equipo, después tú. La nota y la brecha se calculan solas. NO SE REGISTRA.
A6: EQUIPO | B6: INTEGRANTES | C6: SE MARCA EL EQUIPO | H6: AUTO | I6: MARCAS TÚ | N6: NOTA | O6: BRECHA
C7: 1 | D7: 2 | E7: 3 | F7: 4 | G7: 5 | H7: /20 | I7: 1 | J7: 2 | K7: 3 | L7: 4 | M7: 5 | N7: /20 | O7: auto − tú
A9: Equipo 1 | B9: ='S1'!B9 | H9: =COUNTA(C9:G9)*4 | N9: =COUNTA(I9:M9)*4 | O9: =H9-N9
A10: Equipo 2 | B10: ='S1'!B10 | H10: =COUNTA(C10:G10)*4 | N10: =COUNTA(I10:M10)*4 | O10: =H10-N10
A11: Equipo 3 | B11: ='S1'!B11 | H11: =COUNTA(C11:G11)*4 | N11: =COUNTA(I11:M11)*4 | O11: =H11-N11
A12: Equipo 4 | B12: ='S1'!B12 | H12: =COUNTA(C12:G12)*4 | N12: =COUNTA(I12:M12)*4 | O12: =H12-N12
A13: Equipo 5 | B13: ='S1'!B13 | H13: =COUNTA(C13:G13)*4 | N13: =COUNTA(I13:M13)*4 | O13: =H13-N13
A14: Equipo 6 | B14: ='S1'!B14 | H14: =COUNTA(C14:G14)*4 | N14: =COUNTA(I14:M14)*4 | O14: =H14-N14
A15: Equipo 7 | B15: ='S1'!B15 | H15: =COUNTA(C15:G15)*4 | N15: =COUNTA(I15:M15)*4 | O15: =H15-N15
A16: Equipo 8 | B16: ='S1'!B16 | H16: =COUNTA(C16:G16)*4 | N16: =COUNTA(I16:M16)*4 | O16: =H16-N16
B18: No lo cumplieron | I18: =COUNTA(B9:B16)-COUNTA(I9:I16) | J18: =COUNTA(B9:B16)-COUNTA(J9:J16) | K18: =COUNTA(B9:B16)-COUNTA(K9:K16) | L18: =COUNTA(B9:B16)-COUNTA(L9:L16) | M18: =COUNTA(B9:B16)-COUNTA(M9:M16) | N18: equipos

Sheet S14
A1: SESIÓN 14 · Los registros obligatorios del SGSST
A2: Aprendizaje esperado: Describe cuáles son los registros obligatorios del SGSST, qué contiene cada uno y cuánto tiempo se conservan
A3: Hoy, «completo» es: — pendiente: son los pasos del encargo de esta sesión —
A4: Marca con una x. Primero el equipo, después tú. La nota y la brecha se calculan solas. NO SE REGISTRA.
A6: EQUIPO | B6: INTEGRANTES | C6: SE MARCA EL EQUIPO | H6: AUTO | I6: MARCAS TÚ | N6: NOTA | O6: BRECHA
C7: 1 | D7: 2 | E7: 3 | F7: 4 | G7: 5 | H7: /20 | I7: 1 | J7: 2 | K7: 3 | L7: 4 | M7: 5 | N7: /20 | O7: auto − tú
A9: Equipo 1 | B9: ='S1'!B9 | H9: =COUNTA(C9:G9)*4 | N9: =COUNTA(I9:M9)*4 | O9: =H9-N9
A10: Equipo 2 | B10: ='S1'!B10 | H10: =COUNTA(C10:G10)*4 | N10: =COUNTA(I10:M10)*4 | O10: =H10-N10
A11: Equipo 3 | B11: ='S1'!B11 | H11: =COUNTA(C11:G11)*4 | N11: =COUNTA(I11:M11)*4 | O11: =H11-N11
A12: Equipo 4 | B12: ='S1'!B12 | H12: =COUNTA(C12:G12)*4 | N12: =COUNTA(I12:M12)*4 | O12: =H12-N12
A13: Equipo 5 | B13: ='S1'!B13 | H13: =COUNTA(C13:G13)*4 | N13: =COUNTA(I13:M13)*4 | O13: =H13-N13
A14: Equipo 6 | B14: ='S1'!B14 | H14: =COUNTA(C14:G14)*4 | N14: =COUNTA(I14:M14)*4 | O14: =H14-N14
A15: Equipo 7 | B15: ='S1'!B15 | H15: =COUNTA(C15:G15)*4 | N15: =COUNTA(I15:M15)*4 | O15: =H15-N15
A16: Equipo 8 | B16: ='S1'!B16 | H16: =COUNTA(C16:G16)*4 | N16: =COUNTA(I16:M16)*4 | O16: =H16-N16
B18: No lo cumplieron | I18: =COUNTA(B9:B16)-COUNTA(I9:I16) | J18: =COUNTA(B9:B16)-COUNTA(J9:J16) | K18: =COUNTA(B9:B16)-COUNTA(K9:K16) | L18: =COUNTA(B9:B16)-COUNTA(L9:L16) | M18: =COUNTA(B9:B16)-COUNTA(M9:M16) | N18: equipos

Sheet S15
A1: SESIÓN 15 · Investigación de accidentes e incidentes
A2: Aprendizaje esperado: Describe cómo se distingue accidente, incidente e incidente peligroso, y qué exige el sistema al investigarlos: qué registro genera y a quién se notifica
A3: Hoy, «completo» es: — pendiente: son los pasos del encargo de esta sesión —
A4: Marca con una x. Primero el equipo, después tú. La nota y la brecha se calculan solas. NO SE REGISTRA.
A6: EQUIPO | B6: INTEGRANTES | C6: SE MARCA EL EQUIPO | H6: AUTO | I6: MARCAS TÚ | N6: NOTA | O6: BRECHA
C7: 1 | D7: 2 | E7: 3 | F7: 4 | G7: 5 | H7: /20 | I7: 1 | J7: 2 | K7: 3 | L7: 4 | M7: 5 | N7: /20 | O7: auto − tú
A9: Equipo 1 | B9: ='S1'!B9 | H9: =COUNTA(C9:G9)*4 | N9: =COUNTA(I9:M9)*4 | O9: =H9-N9
A10: Equipo 2 | B10: ='S1'!B10 | H10: =COUNTA(C10:G10)*4 | N10: =COUNTA(I10:M10)*4 | O10: =H10-N10
A11: Equipo 3 | B11: ='S1'!B11 | H11: =COUNTA(C11:G11)*4 | N11: =COUNTA(I11:M11)*4 | O11: =H11-N11
A12: Equipo 4 | B12: ='S1'!B12 | H12: =COUNTA(C12:G12)*4 | N12: =COUNTA(I12:M12)*4 | O12: =H12-N12
A13: Equipo 5 | B13: ='S1'!B13 | H13: =COUNTA(C13:G13)*4 | N13: =COUNTA(I13:M13)*4 | O13: =H13-N13
A14: Equipo 6 | B14: ='S1'!B14 | H14: =COUNTA(C14:G14)*4 | N14: =COUNTA(I14:M14)*4 | O14: =H14-N14
A15: Equipo 7 | B15: ='S1'!B15 | H15: =COUNTA(C15:G15)*4 | N15: =COUNTA(I15:M15)*4 | O15: =H15-N15
A16: Equipo 8 | B16: ='S1'!B16 | H16: =COUNTA(C16:G16)*4 | N16: =COUNTA(I16:M16)*4 | O16: =H16-N16
B18: No lo cumplieron | I18: =COUNTA(B9:B16)-COUNTA(I9:I16) | J18: =COUNTA(B9:B16)-COUNTA(J9:J16) | K18: =COUNTA(B9:B16)-COUNTA(K9:K16) | L18: =COUNTA(B9:B16)-COUNTA(L9:L16) | M18: =COUNTA(B9:B16)-COUNTA(M9:M16) | N18: equipos

Sheet S16
A1: SESIÓN 16 · Estadísticas de SST: índices de frecuencia, severidad y accidentabilidad
A2: Aprendizaje esperado: Describe qué mide cada índice, cómo se obtiene y qué decisión del sistema alimenta
A3: Hoy, «completo» es: — pendiente: son los pasos del encargo de esta sesión —
A4: Marca con una x. Primero el equipo, después tú. La nota y la brecha se calculan solas. NO SE REGISTRA.
A6: EQUIPO | B6: INTEGRANTES | C6: SE MARCA EL EQUIPO | H6: AUTO | I6: MARCAS TÚ | N6: NOTA | O6: BRECHA
C7: 1 | D7: 2 | E7: 3 | F7: 4 | G7: 5 | H7: /20 | I7: 1 | J7: 2 | K7: 3 | L7: 4 | M7: 5 | N7: /20 | O7: auto − tú
A9: Equipo 1 | B9: ='S1'!B9 | H9: =COUNTA(C9:G9)*4 | N9: =COUNTA(I9:M9)*4 | O9: =H9-N9
A10: Equipo 2 | B10: ='S1'!B10 | H10: =COUNTA(C10:G10)*4 | N10: =COUNTA(I10:M10)*4 | O10: =H10-N10
A11: Equipo 3 | B11: ='S1'!B11 | H11: =COUNTA(C11:G11)*4 | N11: =COUNTA(I11:M11)*4 | O11: =H11-N11
A12: Equipo 4 | B12: ='S1'!B12 | H12: =COUNTA(C12:G12)*4 | N12: =COUNTA(I12:M12)*4 | O12: =H12-N12
A13: Equipo 5 | B13: ='S1'!B13 | H13: =COUNTA(C13:G13)*4 | N13: =COUNTA(I13:M13)*4 | O13: =H13-N13
A14: Equipo 6 | B14: ='S1'!B14 | H14: =COUNTA(C14:G14)*4 | N14: =COUNTA(I14:M14)*4 | O14: =H14-N14
A15: Equipo 7 | B15: ='S1'!B15 | H15: =COUNTA(C15:G15)*4 | N15: =COUNTA(I15:M15)*4 | O15: =H15-N15
A16: Equipo 8 | B16: ='S1'!B16 | H16: =COUNTA(C16:G16)*4 | N16: =COUNTA(I16:M16)*4 | O16: =H16-N16
B18: No lo cumplieron | I18: =COUNTA(B9:B16)-COUNTA(I9:I16) | J18: =COUNTA(B9:B16)-COUNTA(J9:J16) | K18: =COUNTA(B9:B16)-COUNTA(K9:K16) | L18: =COUNTA(B9:B16)-COUNTA(L9:L16) | M18: =COUNTA(B9:B16)-COUNTA(M9:M16) | N18: equipos

Sheet S17
A1: SESIÓN 17 · Inspecciones internas, auditorías y evaluación normativa
A2: Aprendizaje esperado: Describe qué verifica cada instrumento de comprobación del sistema —la inspección interna, la auditoría y la evaluación normativa— y en qué se diferencian
A3: Hoy, «completo» es: — pendiente: son los pasos del encargo de esta sesión —
A4: Marca con una x. Primero el equipo, después tú. La nota y la brecha se calculan solas. NO SE REGISTRA.
A6: EQUIPO | B6: INTEGRANTES | C6: SE MARCA EL EQUIPO | H6: AUTO | I6: MARCAS TÚ | N6: NOTA | O6: BRECHA
C7: 1 | D7: 2 | E7: 3 | F7: 4 | G7: 5 | H7: /20 | I7: 1 | J7: 2 | K7: 3 | L7: 4 | M7: 5 | N7: /20 | O7: auto − tú
A9: Equipo 1 | B9: ='S1'!B9 | H9: =COUNTA(C9:G9)*4 | N9: =COUNTA(I9:M9)*4 | O9: =H9-N9
A10: Equipo 2 | B10: ='S1'!B10 | H10: =COUNTA(C10:G10)*4 | N10: =COUNTA(I10:M10)*4 | O10: =H10-N10
A11: Equipo 3 | B11: ='S1'!B11 | H11: =COUNTA(C11:G11)*4 | N11: =COUNTA(I11:M11)*4 | O11: =H11-N11
A12: Equipo 4 | B12: ='S1'!B12 | H12: =COUNTA(C12:G12)*4 | N12: =COUNTA(I12:M12)*4 | O12: =H12-N12
A13: Equipo 5 | B13: ='S1'!B13 | H13: =COUNTA(C13:G13)*4 | N13: =COUNTA(I13:M13)*4 | O13: =H13-N13
A14: Equipo 6 | B14: ='S1'!B14 | H14: =COUNTA(C14:G14)*4 | N14: =COUNTA(I14:M14)*4 | O14: =H14-N14
A15: Equipo 7 | B15: ='S1'!B15 | H15: =COUNTA(C15:G15)*4 | N15: =COUNTA(I15:M15)*4 | O15: =H15-N15
A16: Equipo 8 | B16: ='S1'!B16 | H16: =COUNTA(C16:G16)*4 | N16: =COUNTA(I16:M16)*4 | O16: =H16-N16
B18: No lo cumplieron | I18: =COUNTA(B9:B16)-COUNTA(I9:I16) | J18: =COUNTA(B9:B16)-COUNTA(J9:J16) | K18: =COUNTA(B9:B16)-COUNTA(K9:K16) | L18: =COUNTA(B9:B16)-COUNTA(L9:L16) | M18: =COUNTA(B9:B16)-COUNTA(M9:M16) | N18: equipos

Sheet S18
A1: SESIÓN 18 · Revisión por la dirección y mejora continua del SGSST
A2: Aprendizaje esperado: Describe qué asuntos entran en una revisión por la dirección y qué produce, para cerrar el ciclo de mejora
A3: Hoy, «completo» es: — pendiente: son los pasos del encargo de esta sesión —
A4: Marca con una x. Primero el equipo, después tú. La nota y la brecha se calculan solas. NO SE REGISTRA.
A6: EQUIPO | B6: INTEGRANTES | C6: SE MARCA EL EQUIPO | H6: AUTO | I6: MARCAS TÚ | N6: NOTA | O6: BRECHA
C7: 1 | D7: 2 | E7: 3 | F7: 4 | G7: 5 | H7: /20 | I7: 1 | J7: 2 | K7: 3 | L7: 4 | M7: 5 | N7: /20 | O7: auto − tú
A9: Equipo 1 | B9: ='S1'!B9 | H9: =COUNTA(C9:G9)*4 | N9: =COUNTA(I9:M9)*4 | O9: =H9-N9
A10: Equipo 2 | B10: ='S1'!B10 | H10: =COUNTA(C10:G10)*4 | N10: =COUNTA(I10:M10)*4 | O10: =H10-N10
A11: Equipo 3 | B11: ='S1'!B11 | H11: =COUNTA(C11:G11)*4 | N11: =COUNTA(I11:M11)*4 | O11: =H11-N11
A12: Equipo 4 | B12: ='S1'!B12 | H12: =COUNTA(C12:G12)*4 | N12: =COUNTA(I12:M12)*4 | O12: =H12-N12
A13: Equipo 5 | B13: ='S1'!B13 | H13: =COUNTA(C13:G13)*4 | N13: =COUNTA(I13:M13)*4 | O13: =H13-N13
A14: Equipo 6 | B14: ='S1'!B14 | H14: =COUNTA(C14:G14)*4 | N14: =COUNTA(I14:M14)*4 | O14: =H14-N14
A15: Equipo 7 | B15: ='S1'!B15 | H15: =COUNTA(C15:G15)*4 | N15: =COUNTA(I15:M15)*4 | O15: =H15-N15
A16: Equipo 8 | B16: ='S1'!B16 | H16: =COUNTA(C16:G16)*4 | N16: =COUNTA(I16:M16)*4 | O16: =H16-N16
B18: No lo cumplieron | I18: =COUNTA(B9:B16)-COUNTA(I9:I16) | J18: =COUNTA(B9:B16)-COUNTA(J9:J16) | K18: =COUNTA(B9:B16)-COUNTA(K9:K16) | L18: =COUNTA(B9:B16)-COUNTA(L9:L16) | M18: =COUNTA(B9:B16)-COUNTA(M9:M16) | N18: equipos

Sheet S19
A1: SESIÓN 19 · Introducción a la ISO 14001 y la gestión ambiental
A2: Aprendizaje esperado: Describe qué es la ISO 14001 y en qué se parece y en qué se diferencia del sistema de seguridad y salud
A3: Hoy, «completo» es: — pendiente: son los pasos del encargo de esta sesión —
A4: Marca con una x. Primero el equipo, después tú. La nota y la brecha se calculan solas. NO SE REGISTRA.
A6: EQUIPO | B6: INTEGRANTES | C6: SE MARCA EL EQUIPO | H6: AUTO | I6: MARCAS TÚ | N6: NOTA | O6: BRECHA
C7: 1 | D7: 2 | E7: 3 | F7: 4 | G7: 5 | H7: /20 | I7: 1 | J7: 2 | K7: 3 | L7: 4 | M7: 5 | N7: /20 | O7: auto − tú
A9: Equipo 1 | B9: ='S1'!B9 | H9: =COUNTA(C9:G9)*4 | N9: =COUNTA(I9:M9)*4 | O9: =H9-N9
A10: Equipo 2 | B10: ='S1'!B10 | H10: =COUNTA(C10:G10)*4 | N10: =COUNTA(I10:M10)*4 | O10: =H10-N10
A11: Equipo 3 | B11: ='S1'!B11 | H11: =COUNTA(C11:G11)*4 | N11: =COUNTA(I11:M11)*4 | O11: =H11-N11
A12: Equipo 4 | B12: ='S1'!B12 | H12: =COUNTA(C12:G12)*4 | N12: =COUNTA(I12:M12)*4 | O12: =H12-N12
A13: Equipo 5 | B13: ='S1'!B13 | H13: =COUNTA(C13:G13)*4 | N13: =COUNTA(I13:M13)*4 | O13: =H13-N13
A14: Equipo 6 | B14: ='S1'!B14 | H14: =COUNTA(C14:G14)*4 | N14: =COUNTA(I14:M14)*4 | O14: =H14-N14
A15: Equipo 7 | B15: ='S1'!B15 | H15: =COUNTA(C15:G15)*4 | N15: =COUNTA(I15:M15)*4 | O15: =H15-N15
A16: Equipo 8 | B16: ='S1'!B16 | H16: =COUNTA(C16:G16)*4 | N16: =COUNTA(I16:M16)*4 | O16: =H16-N16
B18: No lo cumplieron | I18: =COUNTA(B9:B16)-COUNTA(I9:I16) | J18: =COUNTA(B9:B16)-COUNTA(J9:J16) | K18: =COUNTA(B9:B16)-COUNTA(K9:K16) | L18: =COUNTA(B9:B16)-COUNTA(L9:L16) | M18: =COUNTA(B9:B16)-COUNTA(M9:M16) | N18: equipos

Sheet S20
A1: SESIÓN 20 · Aspectos e impactos ambientales
A2: Aprendizaje esperado: Describe cómo se identifica un aspecto ambiental significativo y cómo se evalúa su impacto
A3: Hoy, «completo» es: — pendiente: son los pasos del encargo de esta sesión —
A4: Marca con una x. Primero el equipo, después tú. La nota y la brecha se calculan solas. NO SE REGISTRA.
A6: EQUIPO | B6: INTEGRANTES | C6: SE MARCA EL EQUIPO | H6: AUTO | I6: MARCAS TÚ | N6: NOTA | O6: BRECHA
C7: 1 | D7: 2 | E7: 3 | F7: 4 | G7: 5 | H7: /20 | I7: 1 | J7: 2 | K7: 3 | L7: 4 | M7: 5 | N7: /20 | O7: auto − tú
A9: Equipo 1 | B9: ='S1'!B9 | H9: =COUNTA(C9:G9)*4 | N9: =COUNTA(I9:M9)*4 | O9: =H9-N9
A10: Equipo 2 | B10: ='S1'!B10 | H10: =COUNTA(C10:G10)*4 | N10: =COUNTA(I10:M10)*4 | O10: =H10-N10
A11: Equipo 3 | B11: ='S1'!B11 | H11: =COUNTA(C11:G11)*4 | N11: =COUNTA(I11:M11)*4 | O11: =H11-N11
A12: Equipo 4 | B12: ='S1'!B12 | H12: =COUNTA(C12:G12)*4 | N12: =COUNTA(I12:M12)*4 | O12: =H12-N12
A13: Equipo 5 | B13: ='S1'!B13 | H13: =COUNTA(C13:G13)*4 | N13: =COUNTA(I13:M13)*4 | O13: =H13-N13
A14: Equipo 6 | B14: ='S1'!B14 | H14: =COUNTA(C14:G14)*4 | N14: =COUNTA(I14:M14)*4 | O14: =H14-N14
A15: Equipo 7 | B15: ='S1'!B15 | H15: =COUNTA(C15:G15)*4 | N15: =COUNTA(I15:M15)*4 | O15: =H15-N15
A16: Equipo 8 | B16: ='S1'!B16 | H16: =COUNTA(C16:G16)*4 | N16: =COUNTA(I16:M16)*4 | O16: =H16-N16
B18: No lo cumplieron | I18: =COUNTA(B9:B16)-COUNTA(I9:I16) | J18: =COUNTA(B9:B16)-COUNTA(J9:J16) | K18: =COUNTA(B9:B16)-COUNTA(K9:K16) | L18: =COUNTA(B9:B16)-COUNTA(L9:L16) | M18: =COUNTA(B9:B16)-COUNTA(M9:M16) | N18: equipos

Sheet S21
A1: SESIÓN 21 · Objetivos ambientales, control operacional y monitoreo
A2: Aprendizaje esperado: Describe cómo se fija un objetivo ambiental y con qué control operacional y qué monitoreo se sostiene
A3: Hoy, «completo» es: — pendiente: son los pasos del encargo de esta sesión —
A4: Marca con una x. Primero el equipo, después tú. La nota y la brecha se calculan solas. NO SE REGISTRA.
A6: EQUIPO | B6: INTEGRANTES | C6: SE MARCA EL EQUIPO | H6: AUTO | I6: MARCAS TÚ | N6: NOTA | O6: BRECHA
C7: 1 | D7: 2 | E7: 3 | F7: 4 | G7: 5 | H7: /20 | I7: 1 | J7: 2 | K7: 3 | L7: 4 | M7: 5 | N7: /20 | O7: auto − tú
A9: Equipo 1 | B9: ='S1'!B9 | H9: =COUNTA(C9:G9)*4 | N9: =COUNTA(I9:M9)*4 | O9: =H9-N9
A10: Equipo 2 | B10: ='S1'!B10 | H10: =COUNTA(C10:G10)*4 | N10: =COUNTA(I10:M10)*4 | O10: =H10-N10
A11: Equipo 3 | B11: ='S1'!B11 | H11: =COUNTA(C11:G11)*4 | N11: =COUNTA(I11:M11)*4 | O11: =H11-N11
A12: Equipo 4 | B12: ='S1'!B12 | H12: =COUNTA(C12:G12)*4 | N12: =COUNTA(I12:M12)*4 | O12: =H12-N12
A13: Equipo 5 | B13: ='S1'!B13 | H13: =COUNTA(C13:G13)*4 | N13: =COUNTA(I13:M13)*4 | O13: =H13-N13
A14: Equipo 6 | B14: ='S1'!B14 | H14: =COUNTA(C14:G14)*4 | N14: =COUNTA(I14:M14)*4 | O14: =H14-N14
A15: Equipo 7 | B15: ='S1'!B15 | H15: =COUNTA(C15:G15)*4 | N15: =COUNTA(I15:M15)*4 | O15: =H15-N15
A16: Equipo 8 | B16: ='S1'!B16 | H16: =COUNTA(C16:G16)*4 | N16: =COUNTA(I16:M16)*4 | O16: =H16-N16
B18: No lo cumplieron | I18: =COUNTA(B9:B16)-COUNTA(I9:I16) | J18: =COUNTA(B9:B16)-COUNTA(J9:J16) | K18: =COUNTA(B9:B16)-COUNTA(K9:K16) | L18: =COUNTA(B9:B16)-COUNTA(L9:L16) | M18: =COUNTA(B9:B16)-COUNTA(M9:M16) | N18: equipos

Sheet S22
A1: SESIÓN 22 · Integración ambiental y documentación del SIG · pautas del TC2
A2: Aprendizaje esperado: Describe cómo los tres sistemas se integran en un solo cuerpo documental y qué documento sirve a más de uno
A3: Hoy, «completo» es: — pendiente: son los pasos del encargo de esta sesión —
A4: Marca con una x. Primero el equipo, después tú. La nota y la brecha se calculan solas. NO SE REGISTRA.
A6: EQUIPO | B6: INTEGRANTES | C6: SE MARCA EL EQUIPO | H6: AUTO | I6: MARCAS TÚ | N6: NOTA | O6: BRECHA
C7: 1 | D7: 2 | E7: 3 | F7: 4 | G7: 5 | H7: /20 | I7: 1 | J7: 2 | K7: 3 | L7: 4 | M7: 5 | N7: /20 | O7: auto − tú
A9: Equipo 1 | B9: ='S1'!B9 | H9: =COUNTA(C9:G9)*4 | N9: =COUNTA(I9:M9)*4 | O9: =H9-N9
A10: Equipo 2 | B10: ='S1'!B10 | H10: =COUNTA(C10:G10)*4 | N10: =COUNTA(I10:M10)*4 | O10: =H10-N10
A11: Equipo 3 | B11: ='S1'!B11 | H11: =COUNTA(C11:G11)*4 | N11: =COUNTA(I11:M11)*4 | O11: =H11-N11
A12: Equipo 4 | B12: ='S1'!B12 | H12: =COUNTA(C12:G12)*4 | N12: =COUNTA(I12:M12)*4 | O12: =H12-N12
A13: Equipo 5 | B13: ='S1'!B13 | H13: =COUNTA(C13:G13)*4 | N13: =COUNTA(I13:M13)*4 | O13: =H13-N13
A14: Equipo 6 | B14: ='S1'!B14 | H14: =COUNTA(C14:G14)*4 | N14: =COUNTA(I14:M14)*4 | O14: =H14-N14
A15: Equipo 7 | B15: ='S1'!B15 | H15: =COUNTA(C15:G15)*4 | N15: =COUNTA(I15:M15)*4 | O15: =H15-N15
A16: Equipo 8 | B16: ='S1'!B16 | H16: =COUNTA(C16:G16)*4 | N16: =COUNTA(I16:M16)*4 | O16: =H16-N16
B18: No lo cumplieron | I18: =COUNTA(B9:B16)-COUNTA(I9:I16) | J18: =COUNTA(B9:B16)-COUNTA(J9:J16) | K18: =COUNTA(B9:B16)-COUNTA(K9:K16) | L18: =COUNTA(B9:B16)-COUNTA(L9:L16) | M18: =COUNTA(B9:B16)-COUNTA(M9:M16) | N18: equipos
